t,ModAuth,CheckIntBrokerConf,Sniffing,AllTopicSubs,MITM,CheckFWInt,ProgDownload,CheckSysInt,ModParCmd,BlockCmd,ManControl,SpoofRepBF,NonExTopic,MsgFreqBF,ModParRep,BlockRep,MsgFreqBlock,SpoofRepInfo,MsgFreqInfo,ManView,Compromise
0,0,0,0,0,0,0.01000000000000001,0,0,0,0,0,0,0,0,0,0,0.01000000000000001,0,0.01000000000000001,0,0
0.42583392476934,0.9999994082586139,0,0,0,0,0.01000000000000001,0,0,0,0,0,0,0,0,0,0,0.01000000000000001,0,0.01000000000000001,0,0
0.85166784953868,0.9999999999996497,0,0.9903285391578054,0,0.9920490792498691,0.9822080976648718,0,0,0,0,0,0.9998982468735713,0,0,0,0,0.01000000000000001,0,0.01000000000000001,0.9998982468735712,0.9998982468735712
1.27750177430802,1,0,0.9999064685124883,0,0.9999367875263608,0.9899380517758339,0.9841619580098743,0,0,0,0,0.9999999897061566,0,0,0,0,0.01000000000000001,0.02108577443203277,0.03066405894339213,0.9999999899219408,0.9999999899219408
1.70333569907736,1,0,0.9999990954686924,0,0.9999994974397401,0.989999507490945,0.9998113723674354,0,0.01396965163960071,0.008381790983760472,0.02223246759165416,0.9999999999989585,0,0,0.04190895491880229,0.01047723872970061,0.02026769395510659,0.04192652732231926,0.0510879967758729,0.9999999999990538,0.9999999999990745
2.1291696238467,1,0,0.9999999912523906,0,0.9999999960044783,0.9899999960843887,0.9999980017826348,0,0.02796314661089706,0.01682547797922116,0.04431622234545683,0.9999999999999998,0,0,0.08269968951562121,0.02100953965558139,0.0305893488624698,0.06232551741769981,0.07107900706934583,0.9999999999999993,1
2.55500354861604,1,0,0.9999999999154028,0,0.9999999999682344,0.9899999999688696,0.999999980149749,0,0.04176066052390962,0.02519884226995288,0.06590531549861674,1,0,0,0.1217613635653167,0.03143170213386805,0.0408030680911907,0.08229019748515246,0.09064439353544937,1,1
2.98083747338538,1,0,0.9999999999991817,0,0.9999999999997475,0.9899999999997526,0.9999999998106703,0,0.05536235420206204,0.03350091015821235,0.08700675026793854,0.9999999999999997,0,0,0.159159743263731,0.04174293291473263,0.05090807425643803,0.1018297958335608,0.1097931999168897,0.9999999999999998,1
3.40667139815472,1,0,0.9999999999999919,0,0.999999999999998,0.9899999999999979,0.999999999998244,0,0.06877097940587466,0.04173227217086638,0.107631498732006,1,0,0,0.1949655739186751,0.05194439210808902,0.06090550426592727,0.1209533629910972,0.1285342957312753,1,1
3.83250532292406,1,0,0.9999999999999998,0,0.9999999999999998,0.9900000000000001,0.9999999999999839,0,0.08198927636247326,0.04989353032127699,0.1277903289151329,1,0,0,0.2292466708418647,0.06203724811827523,0.07079650315590978,0.1396697569657367,0.1468763618264219,1,1
4.2583392476934,1,0,1,0,1,0.9899999999999999,0.9999999999999999,0,0.09501994667670333,0.05798528165991758,0.1474937660249493,0.9999999999999998,0,0,0.2620679623603085,0.07202265711630629,0.08058220397398015,0.1579876471651886,0.1648278942218849,1,1
4.68417317246274,0.9999999999999999,0,1.000000000000001,0,1.000000000000001,0.99,1.000000000000001,0,0.1078656536081908,0.06600811815394242,0.1667520975061416,1,0,0,0.2934916119404227,0.08190176296673597,0.09026372770740126,0.1759155184107843,0.1823972080425686,1.000000000000001,0.9999999999999999
5.11000709723208,0.9999999999999999,0,0.9999999999999996,0,1,0.99,1,0,0.1205290226130426,0.07396262672892658,0.1855753784074571,0.9999999999999998,0,0,0.3235771359174101,0.09167569735672812,0.09984218340959361,0.1934616748676165,0.1995924413702642,1,1
5.53584102200142,1,0,1,0,1,0.99,0.9999999999999999,0,0.133012641880423,0.08184938931178887,0.2039734366315485,1,0,0,0.3523815162190103,0.1013455799256772,0.1093186683271635,0.2106342438910171,0.2164215590131968,1,1
5.96167494677076,1,0,0.9999999999999999,0,1,0.99,1,0,0.1453190628615383,0.08966898287336339,0.2219558780662614,0.9999999999999998,0,0,0.3799593082891735,0.1109125183934662,0.1186942680255969,0.2274411797911373,0.2328923561953147,0.9999999999999999,1
6.3875088715401,1,0,0.9999999999999999,0,1,0.99,1,0,0.1574508007911119,0.09742197947060943,0.2395320916000052,0.9999999999999999,0,0,0.4063627444159651,0.1203776086873612,0.127970056513614,0.243890267517373,0.2490124621670257,1,1
6.81334279630944,1,0,1,0,1,0.9899999999999999,1,0,0.1694103352014581,0.1051089462884609,0.2567112540238247,0.9999999999999994,0,0,0.4316418326594302,0.1297419350675526,0.1371470963662016,0.2599891262643416,0.2647893437390549,1,1
7.23917672107878,0.9999999999999999,0,0.9999999999999999,0,0.9999999999999998,0.99,0.9999999999999997,0,0.1812001104292585,0.1127304456813202,0.2735023348227341,0.9999999999999999,0,0,0.4558444515667645,0.1390065702513615,0.1462264388463343,0.2757452130010842,0.2802303087410624,0.9999999999999998,1
7.66501064584812,0.9999999999999999,0,1,0,1,0.9899999999999999,1,0,0.1928225361151454,0.1202870352141974,0.2899141008588116,1,0,0,0.4790164408541981,0.1481725755361235,0.155209124025401,0.2911658259251206,0.2953425094066183,1,1
8.09084457061746,0.9999999999999999,0,1,0,1,0.99,1,0,0.2042799876961938,0.1277792677035016,0.3059551209485036,0.9999999999999998,0,0,0.5012016882273337,0.1572410009207638,0.1640961809023485,0.3062581078429676,0.3101329456861083,1,1
8.516678495386801,1,0,1,0,1,0.99,1,0,0.2155748068914216,0.1352076912574817,0.3216337703365255,1,0,0,0.5224422125043816,0.1662128852260785,0.172888627521557,0.3210290494786745,0.3246084684891009,1.000000000000001,0.9999999999999999
8.94251242015614,1,0,0.9999999999999998,0,0.9999999999999998,0.9899999999999999,0.9999999999999997,0,0.2267093021804006,0.1425728493163252,0.3369582350686956,0.9999999999999997,0,0,0.5427782431997237,0.1750892562137356,0.1815874710894609,0.3354854927119177,0.3387757828576793,0.9999999999999998,1
9.368346344925481,1,0,1,0,1,0.99,1,0,0.2376857492750721,0.1498752806919135,0.3519365162659866,1,0,0,0.562248296718543,0.183871130704008,0.190193708089928,0.3496341337471501,0.3526414510722071,1,1
9.79418026969482,1,0,0.9999999999999998,0,1,0.9899999999999999,1,0,0.2485063915848651,0.1571155196072416,0.3665764343020245,1,0,0,0.5808892493068237,0.1925595146922549,0.19870832439841,0.3634815262152734,0.3662118956909678,1,0.9999999999999999
10.22001419446416,1,0,1,0,1,0.99,1,0,0.259173440675215,0.1642940957354978,0.3808856328862162,0.9999999999999999,0,0,0.5987364068948935,0.2011554034641616,0.2071322953948784,0.3770340842092704,0.3794934025250849,1,1
10.6458481192335,1,0,0.9999999999999999,0,1,0.99,0.9999999999999998,0,0.2696890767195693,0.1714115342388151,0.3948715830546402,1,0,0,0.6158235719667933,0.2096597817097526,0.2154665860755574,0.3902980852552052,0.3924921235501009,0.9999999999999999,1
11.07168204400284,1,0,1,0,1,0.99,1,0,0.2800554489449836,0.1784683558066888,0.4085415870707796,1,0,0,0.6321831075821183,0.2180736236361923,0.2237121511634686,0.403279673219963,0.4052140797555637,0.9999999999999997,1
11.49751596877218,1,0,0.9999999999999999,0,0.9999999999999998,0.99,1,0,0.2902746760713857,0.1854650766940699,0.4219027822381386,1,0,0,0.6478459986715949,0.2263978930793842,0.2318699352177964,0.4159848611570822,0.4176651639339408,0.9999999999999999,1
11.92334989354152,1,0,0.9999999999999996,0,0.9999999999999994,0.9899999999999999,0.9999999999999994,0,0.3003488467446093,0.1924022087591309,0.4349621446267295,1,0,0,0.6628419107224847,0.23463354361438,0.2399408727420924,0.4284195340919918,0.429851143410152,0.9999999999999997,1
12.34918381831086,1,0,1,0,1.000000000000001,0.9899999999999999,1,0,0.3102800199632806,0.199280259500714,0.4477264927153781,0.9999999999999997,0,0,0.6771992459649619,0.2427815186646173,0.247925888291325,0.4405894517479469,0.4417776627129876,0.9999999999999999,1
12.7750177430802,1,0,1,0,0.9999999999999998,0.99,0.9999999999999998,0,0.3200702254996426,0.206099732095456,0.4602024909517489,1,0,0,0.6909451971658866,0.2508427516099904,0.2558258965777906,0.4525002512139238,0.4534502461896451,0.9999999999999998,1
13.20085166784954,1,0,1,0,0.9999999999999999,0.99,0.9999999999999999,0,0.3297214643144099,0.2128611254346004,0.4723966532319482,1,0,0,0.7041057991318534,0.2588181658937734,0.2636418025758979,0.4641574495557138,0.4648743005645997,0.9999999999999998,1
13.62668559261888,1,0,1,0,0.9999999999999998,0.99,1,0,0.3392357089657312,0.2195649341604946,0.4843153463015204,0.9999999999999999,0,0,0.7167059780190705,0.2667086751284031,0.2713745016258352,0.4755664463714192,0.4760551174439906,0.9999999999999998,1
14.05251951738822,1,0,1,0,1,0.99,1,0,0.3486149040123496,0.2262116487027757,0.4959647930796185,0.9999999999999998,0,0,0.7287695985434531,0.2745151832001377,0.2790248795361351,0.4867325262925384,0.4869978757666879,1,1
14.47835344215756,1,0,1,0,1,0.99,1,0,0.357860966411039,0.2328017553142496,0.5073510759080773,0.9999999999999999,0,0,0.7403195091803538,0.2822385843725992,0.2865938126851472,0.4976608614318034,0.4977076442031672,1,1
14.9041873669269,1,0,1,0,1,0.99,0.9999999999999997,0,0.3669757859083985,0.2393357361064632,0.5184801397270905,0.9999999999999998,0,0,0.7513775854395296,0.2898797633892145,0.2940821681214301,0.5083565137788906,0.5081893835033127,0.9999999999999997,1
15.33002129169624,1,0,0.9999999999999999,0,0.9999999999999998,0.99,0.9999999999999998,0,0.3759612254270865,0.2458140690849746,0.5293577951791497,1,0,0,0.7619647712973208,0.297439595574567,0.3014908036630758,0.5188244375451311,0.5184479487942286,1,1
15.75585521646558,1,0,1,0,0.9999999999999998,0.99,1,0,0.3848191214465744,0.2522372281843217,0.5399897216428621,1,0,0,0.7721011188645044,0.3049189469346676,0.3088205679959742,0.5290694814582939,0.5284880918291278,0.9999999999999999,1
16.18168914123492,1,0,1,0,1,0.99,1,0,0.3935512843784896,0.2586056833026953,0.5503814701982358,1,0,0,0.7818058263649509,0.312318674256158,0.3160723007710349,0.5390963910085077,0.5383144631883375,0.9999999999999997,1
16.60752306600426,1,0,1,0,1,0.99,1,0,0.4021594989366371,0.2649199003363131,0.5605384665249771,0.9999999999999999,0,0,0.7910972744970325,0.3196396252044602,0.3232468327003709,0.5489098106463676,0.5479316144334405,1,1
17.0333569907736,1,0,1,0,0.9999999999999998,0.99,1,0,0.4106455245017665,0.2711803412135055,0.5704660137353155,0.9999999999999996,0,0,0.7999930612466266,0.3268826384208781,0.3303449856524606,0.5585142859342378,0.5573440002155532,1,1
17.45919091554294,1,0,1,0,1,0.99,1,0,0.4190110954811594,0.2773874639285078,0.5801692951428332,1,0,0,0.8085100352176714,0.3340485436186686,0.3373675727462953,0.5679142656517489,0.5665559803387139,0.9999999999999997,1
17.88502484031228,1,0,1,0,1,0.99,0.9999999999999999,0,0.4272579216631158,0.2835417225749648,0.5896533769687483,1.000000000000001,0,0,0.816664327543392,0.3411381616780867,0.3443153984445251,0.5771141038564664,0.5755718217793374,1,1
18.31085876508162,0.9999999999999999,0,1,0,1,0.9899999999999999,1,0,0.4353876885664074,0.2896435673791526,0.5989232109870588,1,0,0,0.8244713824386343,0.3481523047404209,0.3511892586456123,0.5861180619006869,0.5843957006626732,1,1
18.73669268985096,0.9999999999999999,0,0.9999999999999999,0,1,0.9899999999999999,1,0,0.4434020577847693,0.2956934447329141,0.6079836371099363,1,0,0,0.8319459864511835,0.3550917763010266,0.3579899407750062,0.594930310405285,0.5930317041971799,1,1
19.1625266146203,1,0,1,0,1,0.99,1,0,0.4513026673265043,0.3016917972263176,0.6168393859147119,0.9999999999999997,0,0,0.8391022964674567,0.3619573713013705,0.3647182238753433,0.6035549311915465,0.6014838325677154,1,0.9999999999999999
19.58836053938964,1,0,1,0,0.9999999999999999,0.99,1,0,0.4590911319492649,0.3076390636800322,0.6254950811137779,0.9999999999999998,0,0,0.8459538665256201,0.3687498762200929,0.3713748786956909,0.611995919171854,0.609756000788417,0.9999999999999999,1
20.01419446415898,0.9999999999999999,0,1,0,1,0.99,0.9999999999999999,0,0.4667690434900847,0.3135356791774345,0.6339552419686942,1,0,0,0.8525136734869141,0.3754700691631012,0.3779606677798391,0.6202571842001324,0.61785204051613,0.9999999999999998,1
20.44002838892832,1,0,0.9999999999999997,0,0.9999999999999998,0.99,0.9999999999999998,0,0.4743379711907219,0.3193820750964341,0.6422242856497592,1,0,0,0.8587941416138016,0.3821187199527062,0.3844763455536521,0.6283425528828831,0.6257757018252257,0.9999999999999998,1
20.86586231369766,1,0,1,0,1,0.99,0.9999999999999999,0,0.4817994620183908,0.3251786791410352,0.650306529542276,0.9999999999999998,0,0,0.8648071661015038,0.3886965902158074,0.3909226584114912,0.6362557703516651,0.6335306549446319,1,1
21.291696238467,0.9999999999999999,0,1,0,1,0.99,1,0,0.4891550409819342,0.3309259153726231,0.6582061935007221,1,0,0,0.8705641356074724,0.3952044334711393,0.3973003448017164,0.6440005019978327,0.6411204919578761,1,0.9999999999999999
21.71753016323634,1,0,1,0,0.9999999999999999,0.99,1,0,0.4964062114435107,0.3366242042409902,0.6659274020519951,1,0,0,0.8760759538214906,0.4016429952155914,0.4036101353112795,0.6515803351703416,0.6485487284669348,1,1
22.14336408800568,1,0,1,0,1,0.99,1,0,0.5035544554258596,0.3422739626150909,0.673474186548886,0.9999999999999999,0,0,0.8813530601172399,0.4080130130096058,0.4098527527494136,0.6589987808374035,0.6558188052206552,1,1
22.56919801277502,1,0,1,0,0.9999999999999999,0.99,0.9999999999999999,0,0.5106012339152017,0.3478756038135428,0.6808504872749069,0.9999999999999997,0,0,0.8864054493244544,0.4143152165616681,0.4160289122304348,0.6662592752127601,0.6629340897085049,1,1
22.99503193754436,0.9999999999999999,0,1,0,1,0.99,1,0,0.5175479871598402,0.353429537634861,0.6880601555015683,0.9999999999999998,0,0,0.8912426906591124,0.420550327811899,0.4221393212556609,0.6733651813473358,0.6698978777203891,1,1
23.4208658623137,1,0,1,0,1,0.99,0.9999999999999998,0,0.5243961349645269,0.3589361703874386,0.6951069554991837,0.9999999999999998,0,0,0.8958739458475107,0.4267190610147529,0.428184679794458,0.6803197906869954,0.6767133948732553,1,1
23.84669978708304,0.9999999999999999,0,1,0,0.9999999999999998,0.99,0.9999999999999998,0,0.531147076980644,0.3643959049192703,0.7019945665022469,1,0,0,0.9003079864785606,0.4328221228208416,0.4341656803644247,0.6871263245971375,0.6833837981051945,0.9999999999999999,0.9999999999999999
24.27253371185238,1,0,1,0,0.9999999999999999,0.99,0.9999999999999999,0,0.5378021929922742,0.3698091406474239,0.7087265846304149,0.9999999999999998,0,0,0.9045532106171598,0.4388602123578803,0.4400830081107225,0.6937879358548277,0.6899121771377313,0.9999999999999998,1
24.69836763662172,1,0,0.9999999999999999,0,1,0.99,1,0,0.5443628431982037,0.3751762735872615,0.7153065247660908,1,0,0,0.9086176587101126,0.4448340213107769,0.4459373408845616,0.7003077101091608,0.6963015559069777,0.9999999999999999,1
25.12420156139106,1,0,1,0,1,0.99,1,0,0.5508303684899254,0.3804976963814085,0.7217378223895963,1,0,0,0.912509028814721,0.4507442340008682,0.4517293493208508,0.7066886673105273,0.7025548939643167,1,0.9999999999999999
25.5500354861604,1,0,0.9999999999999997,0,1,0.99,0.9999999999999998,0,0.5572060907256966,0.3857737983284792,0.7280238353728825,1,0,0,0.9162346911788916,0.4565915274643083,0.457459696915022,0.7129337631094517,0.7086750878472624,1,1
25.97586941092974,1,0,1,0,1,0.99,1,0,0.5634913130007042,0.3910049654115583,0.7341678457327243,0.9999999999999999,0,0,0.9198017022003725,0.4623765715296277,0.4631290400990353,0.7190458902256448,0.7146649724211318,1,1
26.40170333569908,1,0,1,0,1,0.99,1,0,0.5696873199133984,0.3961915803264352,0.7401730613443069,1,0,0,0.9232168177915561,0.4681000288944652,0.468738028316576,0.7250278797879092,0.720527322192151,1,0.9999999999999999
26.82753726046842,1,0,1,0,1,0.99,1,0,0.5757953778280416,0.4013340225096025,0.7460426176161047,1,0,0,0.9264865061751664,0.4737625552014795,0.4742873040974497,0.7308825026455126,0.7262648525926019,1,1
27.25337118523776,1,0,1,0,1,0.99,1,0,0.581816735133534,0.4064326681660146,0.7517795791269198,0.9999999999999999,0,0,0.9296169601350597,0.4793647991134581,0.4797775031311887,0.7366124706516403,0.7318802212386076,1,1
27.6792051100071,0.9999999999999999,0,1,0,1,0.99,0.9999999999999999,0,0.5877526224985654,0.4114878902966094,0.7573869412259455,0.9999999999999999,0,0,0.9326141087453484,0.4849074023876228,0.4852092543398703,0.7422204379195261,0.7373760291611354,1,1
28.10503903477644,1,0,1,0,0.9999999999999998,0.99,0.9999999999999999,0,0.5936042531231422,0.416500058725595,0.7628676315966784,1,0,0,0.9354836286000534,0.4903909999491455,0.4905831799501627,0.7477090020518286,0.7427548220107919,1,1
28.53087295954578,0.9999999999999999,0,1,0,1,0.99,1,0,0.5993728229865467,0.4214695401275063,0.7682245117855042,1,0,0,0.9382309545645646,0.4958162199638813,0.4958998955646038,0.7530807053438409,0.7480190912369639,1,1
28.95670688431512,1,0,0.9999999999999998,0,1,0.99,0.9999999999999999,0,0.6050595110917767,0.4263966980540286,0.7734603786957521,1,0,0,0.9408612900692672,0.5011836839103269,0.5011600102321205,0.7583380359610763,0.7531712752418547,0.9999999999999999,1
29.38254080908446,1,0,0.9999999999999999,0,1,0.99,1,0,0.6106654797065139,0.4312818929605947,0.7785779660479974,0.9999999999999998,0,0,0.9433796169648272,0.5064940066508131,0.5063641265177968,0.7634834290917846,0.7582137605099487,1,0.9999999999999999
29.8083747338538,1,0,1,0,1,0.99,1,0,0.6161918746006724,0.4361254822327544,0.7835799458073763,0.9999999999999999,0,0,0.9457907049578085,0.5117477965019402,0.5115128405719013,0.768519268074926,0.7631488827134274,1,1
30.23420865862314,1,0,1,0,0.9999999999999999,0.99,0.9999999999999999,0,0.6216398252805777,0.4409278202123192,0.7884689295786566,0.9999999999999999,0,0,0.948099120644488,0.5169456553042616,0.5166067421981763,0.7734478855041325,0.76797892779405,1,1
30.66004258339248,1,0,1,0,1,0.9899999999999999,0.9999999999999998,0,0.6270104452198174,0.4456892582232861,0.7932474699697933,1,0,0,0.9503092361599816,0.5220881784912281,0.5216464149214037,0.7782715643081609,0.7727061330219978,1,1
31.08587650816182,1,0,1,0,1,0.99,1,0,0.6323048320868175,0.450410144597538,0.7979180619246826,1,0,0,0.9524252374590598,0.5271759551573969,0.5266324360542487,0.782992538808342,0.7773326880321753,0.9999999999999999,1
31.51171043293116,1,0,1,0,0.9999999999999999,0.99,0.9999999999999999,0,0.6375240679691907,0.4550908247003267,0.8024831440258068,1,0,0,0.9544511322443378,0.5322095681259129,0.5315653767633944,0.7876129957535155,0.7818607358384455,1,1
31.9375443577005,1,0,1,0,1,0.99,1,0,0.6426692195948943,0.4597316409555405,0.8069450997674528,1,0,0,0.9563907575568571,0.5371895940152749,0.5364458021349694,0.7921350753329298,0.7862923738262713,1,0.9999999999999999
32.36337828246984,1,0,1,0,1,0.99,1,0,0.6477413385502542,0.4643329328707523,0.8113062588001687,1,0,0,0.9582477870434352,0.542116603305389,0.5412742712392814,0.7965608721675732,0.7906296547242216,1,1
32.78921220723918,1,0,1,0,1,0.9899999999999999,1,0,0.6527414614948923,0.4688950370620589,0.8155688981471075,1,0,0,0.960025737914545,0.5469911604029187,0.5460513371948603,0.8008924362803999,0.7948745875547917,1,1
33.21504613200852,1,0,0.9999999999999998,0,1,0.99,1,0,0.657670610373602,0.4734182872787058,0.8197352433928932,1,0,0,0.9617279776059058,0.5518138237059392,0.5507775472318208,0.8051317740458988,0.7990291385649808,1,1
33.64088005677786,0.9999999999999998,0,1,0,1,0.99,1,0,0.6625297926252187,0.4779030144275034,0.8238074698456299,0.9999999999999999,0,0,0.9633577301563994,0.5565851456679061,0.5554534427545478,0.8092808491194425,0.8030952321370536,1,1
34.0667139815472,1,0,1,0,1,0.99,1,0,0.6673200013885232,0.4823495465970349,0.8277877036726615,0.9999999999999998,0,0,0.9649180823143952,0.5613056728609376,0.5600795594037189,0.8133415833468497,0.8070747516799127,1,1
34.49254790631654,1,0,1,0,0.9999999999999998,0.99,1,0,0.6720422157052223,0.4867582090816592,0.8316780230106737,1,0,0,0.9664119893840455,0.5659759460384295,0.5646564271176606,0.8173158576545818,0.8109695405014902,1,1
34.91838183108588,1,0,0.9999999999999999,0,1,0.99,1,0,0.6766974007200526,0.4911293244053072,0.8354804590507192,0.9999999999999998,0,0,0.9678422808226237,0.5705965001969983,0.5691845701930583,0.8212055129209852,0.8147814026625655,1,0.9999999999999999
35.34421575585522,1,0,1,0,1,0.99,1,0,0.681286507878036,0.4954632123450775,0.8391969970987301,0.9999999999999998,0,0,0.9692116655995167,0.5751678646377684,0.5736645073450128,0.8250123508289844,0.8185121038124046,1,1
35.77004968062456,1,0,0.9999999999999999,0,1,0.99,0.9999999999999999,0,0.6858104751189439,0.49976018995463,0.8428295776120762,0.9999999999999998,0,0,0.9705227373270037,0.5796905630270042,0.5780967517664642,0.8287381347006171,0.8221633720066046,0.9999999999999998,0.9999999999999999
36.1958836053939,1,0,1,0,1,0.99,1,0,0.6902702270689945,0.5040205715873795,0.8463800972127036,1,0,0,0.9717779791725535,0.5841651134560992,0.5824818111869774,0.8323845903138047,0.8257368985075286,1,1
36.62171753016324,1,0,1,0,1,0.99,0.9999999999999999,0,0.6946666752298321,0.5082446689194958,0.8498504096773899,0.9999999999999998,0,0,0.9729797685619407,0.5885920285009245,0.586820187930906,0.8359534067017294,0.8292343385676948,1,1
37.04755145493258,0.9999999999999999,0,1,0,1,0.99,1,0,0.6990007181648238,0.5124327909727009,0.8532423269056253,1,0,0,0.9741303816820854,0.5929718152805457,0.5911123789749346,0.8394462369351914,0.8326573121964875,1,1
37.47338537970192,1,0,1,0,1,0.99,1,0,0.7032732416827114,0.5165852441368795,0.8565576198656326,1,0,0,0.9752319977921455,0.5973049755153161,0.5953588760050099,0.8428646988883103,0.8360074049105439,0.9999999999999999,1
37.89921930447126,1,0,1,0,1,0.99,1,0,0.7074851190186556,0.5207023321924915,0.8597980195190149,1,0,0,0.9762867033510322,0.6015920055843511,0.5995601654726641,0.8462103759879205,0.839286168468162,1,1
38.3250532292406,1,0,1,0,1,0.99,1,0,0.711637211012713,0.5247843563327966,0.8629652177245136,1,0,0,0.9772964959691569,0.6058333965823884,0.6037167286507407,0.8494848179470134,0.8424951215880735,1,1
38.75088715400994,1,0,1,0,1,0.99,1,0,0.7157303662857759,0.5288316151858884,0.8660608681213549,1,0,0,0.9782632881919042,0.6100296343760463,0.6078290416885257,0.8526895414825635,0.8456357506529121,1,1
39.17672107877928,1,0,1,0,1,0.9899999999999999,1,0,0.7197654214130185,0.5328444048365408,0.8690865869926347,1,0,0,0.9791889111219862,0.6141811996594811,0.6118975756662913,0.8558260310180663,0.8487095103977045,1,0.9999999999999999
39.60255500354862,1,0,1,0,0.9999999999999999,0.99,1,0,0.7237432010948777,0.5368230188478692,0.8720439541092064,0.9999999999999999,0,0,0.9800751178875515,0.6182885680094512,0.6159227966492621,0.8588957393711234,0.8517178245837009,1,1
40.02838892831796,1,0,1,0,1,0.99,1,0,0.7276645183256103,0.5407677482828058,0.8749345135544989,1,0,0,0.9809235869626018,0.6223522099397976,0.6199051657410015,0.8619000884263868,0.8546620866578591,0.9999999999999999,1
40.4542228530873,0.9999999999999998,0,1,0,1,0.99,0.9999999999999998,0,0.7315301745594556,0.5446788817253936,0.8777597745307075,0.9999999999999998,0,0,0.9817359253460256,0.6263725909553426,0.6238451391362357,0.8648404697941713,0.857543660398288,1,1
40.88005677785664,1,0,0.9999999999999999,0,1,0.99,1,0,0.7353409598744383,0.5485567053018985,0.8805212121467663,1,0,0,0.9825136716052442,0.630350171605215,0.6277431681731106,0.8677182454550478,0.8603638805459468,0.9999999999999999,1
41.30589070262598,1,0,0.9999999999999998,0,0.9999999999999999,0.99,0.9999999999999999,0,0.7390976531338501,0.5524015027017403,0.8832202681885266,0.9999999999999999,0,0,0.9832582987902587,0.6342854075356066,0.6315996993848945,0.8705347483907105,0.8631240534228962,1,1
41.73172462739532,1,0,1,0,0.9999999999999999,0.99,1,0,0.7428010221454348,0.5562135551982481,0.8858583518715322,1,0,0,0.9839712172236044,0.6381787495419698,0.6354151745511303,0.8732912832014119,0.8658254575373838,0.9999999999999998,0.9999999999999999
42.15755855216466,0.9999999999999999,0,1,0,1,0.99,1,0,0.7464518238183173,0.5599931416692353,0.8884368405767913,1,0,0,0.9846537771714992,0.6420306436206571,0.6391900307482439,0.8759891267102535,0.8684693441760486,1,1
42.583392476934,1,0,1,0,1,0.99,1,0,0.7500508043177025,0.5637405386174037,0.8909570805699267,1,0,0,0.9853072714012437,0.6458415310200114,0.642924700399611,0.8786295285546057,0.8710569379835138,0.9999999999999998,1
43.00922640170334,1,0,1,0,1,0.99,1,0,0.7535986992173802,0.56745602019057,0.8934203877040805,1,0,0,0.9859329376297217,0.6496118482909125,0.6466196113250945,0.8812137117649407,0.873589437529642,1,1
43.43506032647268,1,0,1,0,1,0.99,1,0,0.7570962336500647,0.571139858201722,0.8958280481069392,1,0,0,0.9865319608676328,0.6533420273367867,0.6502751867900508,0.8837428733313368,0.8760680158647098,1,1
43.86089425124202,1,0,1,0,1,0.99,1,0,0.7605441224555995,0.574792322148904,0.898181318852239,0.9999999999999999,0,0,0.9871054756639013,0.6570324954630806,0.653891845553819,0.886218184757923,0.8784938210627643,0.9999999999999998,1
44.28672817601136,1,0,1,0,1,0.99,1,0,0.7639430703270602,0.5784136792349316,0.9004814286161037,1,0,0,0.9876545682545087,0.6606836754262131,0.6574700019176889,0.8886407926055184,0.8808679767534081,1,1
44.7125621007807,1,0,1,0,1,0.99,1,0,0.767293771954781,0.5820041943869406,0.9027295783185514,1,0,0,0.9881802786198239,0.6642959854820023,0.6610100657723621,0.8910118190227183,0.8831915826422638,0.9999999999999999,1
45.13839602555004,1,0,1,0,1,0.99,1,0,0.7705969121683398,0.5855641302757673,0.9049269417505137,1,0,0,0.9886836024543241,0.6678698394335778,0.6645124426449062,0.8933323622656697,0.8854657150203561,1,1
45.56422995031938,1,0,1,0,0.9999999999999999,0.99,1,0,0.7738531660765252,0.5890937473351645,0.9070746661866882,1,0,0,0.9891654930524367,0.6714056466787846,0.6679775337452086,0.8956034972067838,0.887691427262648,1,1
45.99006387508872,1,0,1,0,0.9999999999999998,0.99,1,0,0.7770631992053183,0.5925933037808553,0.9091738729845467,0.9999999999999998,0,0,0.9896268631140788,0.6749038122570798,0.6714057360119384,0.8978262758326152,0.8898697503159628,1,1
46.41589779985806,1,0,1,0,1,0.99,1,0,0.7802276676339157,0.5960630556294215,0.9112256581698122,1,0,0,0.990068586473309,0.6783647368959327,0.6747974421580143,0.9000017277311401,0.8920016931765173,1,0.9999999999999999
46.8417317246274,1,0,1,0,0.9999999999999998,0.99,0.9999999999999999,0,0.7833472181288211,0.5995032567170345,0.9132310930087092,1,0,0,0.9904914997533669,0.6817888170567284,0.6781530407155939,0.9021308605686602,0.8940882433572871,0.9999999999999999,1
47.26756564939674,1,0,0.9999999999999998,0,1,0.99,1,0,0.7864224882760346,0.602914158718025,0.9151912245672873,1,0,0,0.9908964039512362,0.685176444980184,0.6814729160805806,0.9042146605565525,0.8961303673454214,1,0.9999999999999999
47.69339957416608,1,0,1,0,1,0.99,1,0,0.7894541066113641,0.6062960111632938,0.9171070762581091,1,0,0,0.9912840659547322,0.6885280087312824,0.6847574485566567,0.9062540929080807,0.8981290110499192,1,0.9999999999999999
48.11923349893542,1,0,1,0,1,0.99,1,0,0.792442692748889,0.6096490614585675,0.9189796483745885,0.9999999999999998,0,0,0.9916552199949846,0.6918438922437243,0.6880070143988497,0.9082501022854814,0.900085100239772,1,1
48.54506742370476,1,0,1,0,1,0.99,0.9999999999999999,0,0.7953888575075988,0.6129735549024974,0.9208099186132581,1,0,0,0.9920105690370719,0.6951244753639118,0.6912219858566334,0.9102036132375295,0.9019995409727789,1,1
48.9709013484741,1,0,1,0,1,0.99,1,0,0.7982932030362349,0.6162697347046053,0.9225988425842389,1,0,0,0.9923507861114338,0.6983701338944589,0.69440273121657,0.9121155306277882,0.9038732200152321,1,1
49.39673527324344,1,0,1,0,1,0.99,1,0,0.801156322936359,0.6195378420030755,0.924347354310177,1,0,0,0.9926765155885904,0.7015812396372436,0.6975496148444985,0.9139867400537398,0.9057070052526651,1,1
49.82256919801278,1,0,0.9999999999999999,0,0.9999999999999998,0.99,0.9999999999999999,0,0.8039788023836784,0.6227781158823964,0.9260563667139109,1,0,0,0.99298837439958,0.7047581604359952,0.7006629972272753,0.9158181082569962,0.9075017460918561,0.9999999999999999,1
50.24840312278212,1,0,1,0,1,0.99,0.9999999999999998,0,0.8067612182476432,0.6259907933908502,0.9277267720951212,1,0,0,0.9932869532044242,0.7079012602184367,0.7037432350140679,0.9176104835247676,0.909258273854272,1,1
50.67423704755146,1,0,1,0,1,0.99,1,0,0.8095041392093515,0.629176109557855,0.9293594425962128,1,0,0,0.9935728175108364,0.7110108990379707,0.7067906810572113,0.9193646960827924,0.9109774021611365,1,1
51.1000709723208,0.9999999999999999,0,1,0,1,0.99,1,0,0.8122081258777781,0.6323342974111594,0.9309552306576738,0.9999999999999998,0,0,0.9938465087452935,0.7140874331149265,0.7098056844526277,0.9210815584798939,0.9126599273102961,1,0.9999999999999999
51.52590489709014,1,0,0.9999999999999999,0,0.9999999999999998,0.99,1,0,0.8148737309043532,0.6354655879938891,0.9325149694631449,0.9999999999999999,0,0,0.9941085452784959,0.7171312148773652,0.7127885905798177,0.9227618659643535,0.9143066286450663,1,0.9999999999999999
51.95173882185948,1,0,1,0,1,0.99,0.9999999999999999,0,0.8175014990959169,0.6385702103814499,0.9340394733744384,0.9999999999999998,0,0,0.9943594234071618,0.7201425930014527,0.7157397411414237,0.9244063968522663,0.915918268915221,0.9999999999999998,1
52.37757274662882,1,0,1,0,1,0.99,0.9999999999999998,0,0.8200919675260669,0.6416483916982864,0.9355295383567273,0.9999999999999998,0,0,0.9945996182940111,0.7231219124514017,0.7186594742023736,0.926015912888059,0.9174955946302978,1,0.9999999999999999
52.80340667139816,1,0,1,0,1,0.99,1,0,0.8226456656449306,0.6447003571344968,0.9369859423941294,1,0,0,0.994829584867722,0.7260695145189882,0.7215481242286083,0.927591159597327,0.91903933640538,1,1
53.2292405961675,1,0,0.9999999999999999,0,1,0.99,1,0,0.825163115387373,0.6477263299623083,0.9384094458959047,1,0,0,0.9950497586845686,0.7289857368626469,0.7244060221253938,0.9291328666321601,0.9205502092995168,1,1
53.65507452093684,1,0,1,0,0.9999999999999998,0.99,1,0,0.8276448312796743,0.650726531552409,0.9398007920934759,1,0,0,0.9952605567533592,0.731870913546153,0.7272334952752301,0.9306417481091187,0.9220289131469367,0.9999999999999999,0.9999999999999999
54.08090844570618,1,0,1,0,1,0.99,1,0,0.8300913205446897,0.6537011813901457,0.9411607074284798,1,0,0,0.995462378325253,0.7347253750768895,0.7300308675753516,0.9321185029400108,0.9234761328812104,0.9999999999999998,1
54.50674237047552,1,0,1,0,1,0.99,1,0,0.8325030832055172,0.6566504970915782,0.9424899019320525,1,0,0,0.9956556056499405,0.7375494484437074,0.7327984594748331,0.9335638151556245,0.924892538852512,1,1
54.93257629524486,1,0,1,0,1,0.99,0.9999999999999999,0,0.8348806121876958,0.6595746944194003,0.9437890695955478,1,0,0,0.995840604699624,0.7403434571543848,0.7355365880112972,0.9349783542225736,0.9262787871381221,1,1
55.3584102200142,1,0,0.9999999999999998,0,1,0.99,1,0,0.83722439341995,0.662473987298724,0.9450588887328784,1,0,0,0.9960177258621663,0.7431077212726844,0.7382455668472309,0.9363627753533916,0.927635519846324,1,1
55.78424414478354,1,0,0.9999999999999999,0,0.9999999999999999,0.99,1,0,0.8395349059335064,0.6653485878327305,0.9463000223346745,0.9999999999999999,0,0,0.9961873046047285,0.7458425574550194,0.7409257063059189,0.9377177198100265,0.9289633654138258,0.9999999999999999,0.9999999999999999
56.21007806955288,1,0,1,0,1,0.99,1,0,0.8418126219600002,0.6681987063181865,0.947513118414441,1,0,0,0.9963496621091404,0.748548278986726,0.7435773134069914,0.9390438152008704,0.9302629388968531,1,1
56.63591199432222,1,0,1,0,0.9999999999999999,0.99,0.9999999999999999,0,0.8440580070279919,0.6710245512608277,0.9486988103468924,1,0,0,0.9965051058802205,0.751225195817953,0.7462006919015943,0.9403416757714694,0.9315348422560399,1,1
57.06174591909156,1,0,0.9999999999999998,0,1,0.99,1,0,0.8462715200581126,0.673826329390615,0.9498577171986492,1,0,0,0.9966539303281883,0.7538736145991674,0.7487961423071841,0.9416119026890393,0.9327796646352584,0.9999999999999999,1
57.4875798438609,1,0,1,0,1,0.99,1,0,0.8484536134568619,0.6766042456768551,0.9509904440514602,1,0,0,0.9967964173262782,0.7564938387162804,0.751363961941955,0.9428550843209262,0.9339979826345078,1,0.9999999999999999
57.91341376863024,1,0,1,0,0.9999999999999999,0.99,1,0,0.8506047332090712,0.6793585033431986,0.9520975823181237,1,0,0,0.9969328367446058,0.7590861683254047,0.7539044449588964,0.9440717965071381,0.9351903605769952,1,1
58.33924769339958,1,0,1,0,1,0.99,1,0,0.852725318969056,0.6820893038825042,0.9531797100512742,1,0,0,0.9970634469613007,0.7616509003872347,0.7564178823794901,0.945262602827071,0.9363573507705297,0.9999999999999999,1
58.76508161816892,1,0,0.9999999999999998,0,1,0.99,1,0,0.8548158041504746,0.6847968470715815,0.9542373922451906,0.9999999999999999,0,0,0.997188495351877,0.7641883287010685,0.7589045621270468,0.9464280548605617,0.9374994937633502,1,1
59.19091554293826,1,0,1,0,0.9999999999999999,0.99,1,0,0.8568766160149107,0.6874813309858052,0.9552711811307879,1,0,0,0.9973082187577588,0.7666987439384593,0.76136476905969,0.947568692443374,0.9386173185945068,1,1
59.6167494677076,1,0,0.9999999999999999,0,1,0.99,1,0,0.8589081757591988,0.6901429520136051,0.9562816164639455,1,0,0,0.9974228439348594,0.769182433676517,0.7637987850029864,0.9486850439172556,0.9397113430389105,1,1
60.04258339247694,1,0,0.9999999999999999,0,1,0.99,0.9999999999999998,0,0.8609108986015096,0.692781904870835,0.9572692258073205,1,0,0,0.9975325879830554,0.7716396824308478,0.7662068887822309,0.9497776263746596,0.9407820738471665,0.9999999999999998,1
60.46841731724628,1,0,1,0,1,0.99,1,0,0.8628851938662148,0.6953983826150155,0.9582345248057965,0.9999999999999998,0,0,0.9976376587573755,0.774070771688149,0.768589356254386,0.9508469458982651,0.9418300069802999,1,0.9999999999999999
60.89425124201562,1,0,1,0,1,0.99,1,0,0.8648314650675462,0.697992576659458,0.9591780174557085,1,0,0,0.9977382552616745,0.7764759799384525,0.7709464603396836,0.9518934977953921,0.9428556278394844,1,1
61.32008516678496,1,0,1,0,1,0.99,1,0,0.8667501099920663,0.7005646767872697,0.9601001963679864,0.9999999999999998,0,0,0.9978345680255494,0.7788555827070285,0.7732784710528878,0.952917766827428,0.9438594114908794,1,1
61.7459190915543,1,0,1,0,0.9999999999999999,0.99,1,0,0.8686415207799718,0.7031148711652349,0.9610015430253556,0.9999999999999998,0,0,0.9979267794651994,0.7812098525859454,0.7755856555342268,0.953920227434367,0.9448418228856796,1,1
62.17175301632364,1,0,1,0,1,0.99,0.9999999999999998,0,0.8705060840052384,0.705643346357582,0.961882528033724,1,0,0,0.9980150642289239,0.7835390592653008,0.7778682780799945,0.954901343954572,0.9458033170754807,0.9999999999999998,1
62.59758694109298,1,0,1,0,1,0.99,1,0,0.8723441807546317,0.7081502873396326,0.9627436113678938,1,0,0,0.9980995895279051,0.7858434695641087,0.7801266001728264,0.9558615708398545,0.9467443394230575,1,0.9999999999999999
63.02342086586232,1,0,1,0,1,0.99,1,0,0.874156186705595,0.7106358775113319,0.963585242611719,1,0,0,0.9981805154529055,0.7881233474608711,0.7823608805116539,0.9568013528659753,0.9476653258086558,1,1
63.44925479063166,1,0,1,0,1,0.99,1,0,0.8759424722030318,0.7131002987106676,0.9644078611928415,1,0,0,0.9982579952774806,0.7903789541238144,0.7845713750413382,0.9577211253386657,0.9485667028318925,1,1
63.875088715401,1,0,1,0,1,0.99,1,0,0.8777034023349971,0.7155437312269713,0.9652118966121215,0.9999999999999998,0,0,0.9983321757482759,0.7926105479408072,0.786758336981991,0.9586213142952592,0.9494488880093539,1,1
64.30092264017034,1,0,1,0,0.9999999999999999,0.99,1,0,0.8794393370073179,0.7179663538141086,0.9659977686678858,1,0,0,0.9984031973629697,0.7948183845489605,0.7889220168579812,0.9595023367020317,0.9503122899679908,0.9999999999999998,1
64.72675656493968,1,0,1,0,0.9999999999999998,0.99,1,0,0.8811506310171502,0.7203683437035553,0.9667658876751106,1,0,0,0.9984711946363706,0.7970027168639111,0.7910626625266329,0.9603646006473394,0.9511573086343926,0.9999999999999998,1
65.15259048970903,1,0,1,0,0.9999999999999999,0.99,1,0,0.8828376341254944,0.7227498766173647,0.9675166546796539,1,0,0,0.9985362963551909,0.7991637951087949,0.793180519206619,0.9612085055306467,0.9519843354200337,1,0.9999999999999999
65.57842441447836,1,0,1,0,0.9999999999999999,0.99,1,0,0.884500691128681,0.7251111267810209,0.9682504616676455,1,0,0,0.9985986258219677,0.8013018668429102,0.7952758295060518,0.9620344422475245,0.9527937534025738,1,1
66.0042583392477,1,0,1,0,0.9999999999999999,0.99,1,0,0.8861401419288419,0.7274522669361861,0.9689676917701496,1,0,0,0.9986583010885981,0.8034171769900756,0.7973488334502741,0.9628427933707139,0.9535859375032998,1,1
66.43009226401705,1,0,0.9999999999999999,0,0.9999999999999999,0.99,1,0,0.8877563216033791,0.729773468353337,0.9696687194632029,1,0,0,0.998715435179928,0.8055099678666894,0.7993997685093557,0.9636339333273347,0.9543612546607881,1,1
66.85592618878638,1,0,0.9999999999999999,0,1,0.9899999999999999,1,0,0.8893495604734518,0.7320749008442952,0.9703539107633331,1,0,0,0.9987701363078232,0.8075804792094856,0.8014288696252958,0.964408228572317,0.9551200640008706,0.9999999999999998,1
67.28176011355572,1,0,1,0,1,0.99,1,0,0.8909201841714867,0.734356732774649,0.9710236234186631,1,0,0,0.9988225080761203,0.809628948202997,0.8034363692389371,0.9651660377581441,0.9558627170029813,1,1
67.70759403832506,1,0,1,0,1,0.99,1,0,0.8924685137077322,0.7366191310760715,0.9716782070956942,1,0,0,0.9988726496768534,0.8116556095067268,0.8054224973165922,0.9659077119009799,0.9565895576629603,1,1
68.13342796309441,1,0,1,0,1,0.99,1,0,0.8939948655358696,0.7388622612585322,0.9723180035618731,1,0,0,0.9989206560781226,0.8136606952820278,0.8073874813763872,0.9666335945432587,0.9573009226523933,1,0.9999999999999999
68.55926188786374,1,0,0.9999999999999999,0,1,0.99,1,0,0.8954995516176883,0.7410862874224056,0.9729433468640341,1,0,0,0.9989666182039656,0.8156444352186989,0.8093315465143247,0.967344021912813,0.9579971414745567,1,1
68.98509581263308,1,0,1,0,0.9999999999999998,0.99,1,0,0.8969828794868482,0.743291372270476,0.9735545635028079,0.9999999999999998,0,0,0.9990106231065646,0.817607056561296,0.8112549154300699,0.9680393230786155,0.9586785366170432,1,1
69.41092973740243,1,0,1,0,1,0.99,1,0,0.8984451523117332,0.74547767711984,0.9741519726030945,0.9999999999999999,0,0,0.9990527541311256,0.8195487841351643,0.8131578084524611,0.9687198201032015,0.9593454237011374,1,0.9999999999999999
69.83676366217176,1,0,1,0,1,0.99,0.9999999999999998,0,0.8998866689574148,0.7476453619137094,0.974735886080681,1,0,0,0.9990930910737319,0.8214698403721924,0.8150404435647487,0.9693858281918486,0.9599981116280117,1,1
70.2625975869411,1,0,1,0,1,0.99,1,0,0.9013077240467345,0.74979458523311,0.9753066088050982,1,0,0,0.9991317103324802,0.8233704453362927,0.8169030364295667,0.9700376558385799,0.9606369027218085,1,1
70.68843151171045,1,0,1,0,1,0.99,1,0,0.9027086080205211,0.7519255043084846,0.9758644387587969,1,0,0,0.9991686850521757,0.8252508167486101,0.818745800413638,0.9706756049690574,0.9612620928696761,1,1
71.11426543647978,1,0,0.9999999999999999,0,1,0.99,1,0,0.9040896071969511,0.7540382750311945,0.9764096671927291,1,0,0,0.9992040852628707,0.8271111700124647,0.8205689466122154,0.9712999710804329,0.9618739716588245,1,1
71.54009936124912,1,0,1,0,1,0.99,1,0,0.9054510038300675,0.7561330519649248,0.9769425787784143,0.9999999999999998,0,0,0.9992379780125005,0.828951718238024,0.8223726838732633,0.9719110433782236,0.9624728225106591,1,1
71.96593328601845,1,0,1,0,1,0.99,1,0,0.9067930761674688,0.7582099883569908,0.9774634517565699,1,0,0,0.99927042749387,0.8307726722667178,0.8241572188213834,0.9725091049102699,0.9630589228120646,1,1
72.3917672107878,1,0,0.9999999999999999,0,1,0.9899999999999999,1,0,0.9081160985071782,0.7602692361495501,0.9779725580823854,1,0,0,0.999301495166239,0.83257424069539,0.8259227558814822,0.9730944326978441,0.9636325440438873,1,0.9999999999999999
72.81760113555714,1,0,0.9999999999999999,0,1,0.99,1,0,0.9094203412537052,0.7623109459907178,0.9784701635675138,1,0,0,0.999331239871722,0.8343566299001942,0.8276694973021904,0.9736672978639651,0.964193951906686,1,1
73.24343506032648,1,0,1,0,1,0.99,1,0,0.9107060709733117,0.7643352672455875,0.9789565280188555,1,0,0,0.9993597179467374,0.8361200440602348,0.8293976431790301,0.9742279657589838,0.9647434064438041,1,0.9999999999999999
73.66926898509583,1,0,0.9999999999999999,0,1,0.99,0.9999999999999999,0,0.9119735504484956,0.7663423480071579,0.9794319053742074,1,0,0,0.9993869833287075,0.8378646851809564,0.8311073914773371,0.9747766960834909,0.965281162161821,1,1
74.09510290986516,1,0,1,0,0.9999999999999998,0.99,1,0,0.9132230387316964,0.768332335107168,0.9798965438348471,0.9999999999999998,0,0,0.9994130876582161,0.8395907531172839,0.8327989380549382,0.9753137430086116,0.9658074681484394,0.9999999999999998,1
74.5209368346345,1,0,1,0,1,0.99,0.9999999999999999,0,0.9144547911982444,0.7703053741268371,0.980350685995123,1,0,0,0.9994380803768157,0.8412984455965179,0.8344724766845875,0.975839355293737,0.9663225681878622,1,1
74.94677075940385,1,0,1,0,1,0.99,0.9999999999999999,0,0.915669059598553,0.7722616094075169,0.9807945689691154,0.9999999999999998,0,0,0.9994620088206703,0.8429879582409836,0.836128199076164,0.9763537764017483,0.9668267008737133,1,1
75.37260468417318,1,0,1,0,1,0.99,1,0,0.9168660921095744,0.7742011840612502,0.981228424514438,1,0,0,0.9994849183102088,0.8446594845904409,0.8377662948986322,0.9768572446117891,0.9673200997195534,1,1
75.79843860894252,1,0,1,0,1,0.99,1,0,0.9180461333855208,0.7761242399812394,0.9816524791532404,1,0,0,0.9995068522359628,0.8463132161242546,0.8393869518017695,0.9773499931296361,0.9678029932670432,1,1
76.22427253371187,1,0,0.9999999999999999,0,1,0.99,1,0,0.9192094246078697,0.7780309178522298,0.9820669542904807,1,0,0,0.9995278521407479,0.8479493422833293,0.8409903554376627,0.9778322501957192,0.9682756051918048,1,1
76.6501064584812,1,0,1,0,1,0.99,1,0,0.9203562035346564,0.7799213571607986,0.9824720663295222,1,0,0,0.9995479577983457,0.8495680504918105,0.8425766894819744,0.9783042391908423,0.9687381544070253,1,1
77.07594038325054,1,0,1,0,0.9999999999999999,0.99,1,0,0.9214867045490686,0.7817956962055609,0.982868026785122,0.9999999999999999,0,0,0.9995672072888346,0.851169526178555,0.8441461356549838,0.9787661787396532,0.9691908551648601,1,1
77.50177430801988,1,0,1,0,1,0.99,0.9999999999999999,0,0.9226011587073502,0.783654072107288,0.983255042393865,1,0,0,0.9995856370707156,0.8527539527983715,0.8456988737424042,0.9792182828119103,0.9696339171556723,1,1
77.92760823278923,1,0,1,0,1,0.99,1,0,0.9236997937860252,0.7854966208189361,0.9836333152221044,0.9999999999999999,0,0,0.9996032820499614,0.8543215118530374,0.8472350816159767,0.9796607608215929,0.9700675456051611,0.9999999999999999,1
78.35344215755856,1,0,1,0,0.9999999999999999,0.99,0.9999999999999999,0,0.9247828343284519,0.7873234771355954,0.9840030427714634,0.9999999999999999,0,0,0.9996201756461303,0.8558723829120896,0.8487549352538479,0.9800938177239014,0.9704919413694231,1,0.9999999999999999
78.7792760823279,1,0,1,0,1,0.99,0.9999999999999999,0,0.9258505016907168,0.7891347747043483,0.9843644180819537,1,0,0,0.9996363498556635,0.8574067436333944,0.8502586087607267,0.9805176541101914,0.9709073010279875,1,1
79.20511000709725,1,0,0.9999999999999999,0,1,0.99,1,0,0.9269030140868739,0.7909306460340485,0.9847176298327642,1,0,0,0.999651835312484,0.8589247697835005,0.8517462743878305,0.98093246630089,0.9713138169748721,1,1
79.63094393186658,1,0,1,0,1,0.99,1,0,0.9279405866335473,0.7927112225050149,0.9850628624407727,0.9999999999999998,0,0,0.9996666613460192,0.8604266352577713,0.8532181025526157,0.9813384464364281,0.9717116775076994,1,1
80.05677785663592,1,0,1,0,1,0.9899999999999999,1,0,0.9289634313938941,0.7944766343786416,0.9854002961568342,0.9999999999999998,0,0,0.9996808560367494,0.8619125121003073,0.8546742618583011,0.9817357825662415,0.9721010669149167,1,1
80.48261178140527,1,0,1,0,1,0.99,1,0,0.9299717574209503,0.7962270108069285,0.9857301071598904,1,0,0,0.999694446269393,0.863382570523654,0.8561149191131808,0.9821246587358745,0.972482165561157,1,0.9999999999999999
80.9084457061746,1,0,1,0,1,0.99,1,0,0.9309657708003548,0.7979624798419299,0.9860524676489562,1,0,0,0.9997074577838263,0.8648369789282991,0.8575402393497332,0.9825052550722291,0.9728551499707845,1,0.9999999999999999
81.33427963094394,1,0,1,0,0.9999999999999999,0.99,1,0,0.9319456746924719,0.7996831684451214,0.9863675459330278,1,0,0,0.9997199152238336,0.8662759039219652,0.858950385843526,0.9828777478670006,0.9732201929096606,1,1
81.76011355571327,1,0,1,0,1,0.99,1,0,0.9329116693739131,0.8013892024966888,0.9866755065189576,1,0,0,0.999731842183784,0.867699510338694,0.8603455201319199,0.9832423096583349,0.9735774634651682,1,1
82.18594748048262,1,0,1,0,1,0.99,1,0,0.9338639522784707,0.8030807068047368,0.9869765101973477,1,0,0,0.9997432612533176,0.8691079612577282,0.8617258020325737,0.983599109310748,0.973927127124533,1,1
82.61178140525196,1,0,1,0,1,0.99,0.9999999999999998,0,0.9348027180374703,0.8047578051144199,0.9872707141264989,0.9999999999999999,0,0,0.9997541940601318,0.8705014180221954,0.8630913896617514,0.9839483120933441,0.9742693458514771,0.9999999999999998,1
83.0376153300213,1,0,1,0,0.9999999999999999,0.99,1,0,0.9357281585195503,0.806420620116994,0.9875582719144668,1,0,0,0.9997646613109421,0.8718800402575871,0.8644424394524353,0.9842900797563672,0.9746042781612398,1,0.9999999999999999
83.46344925479065,1,0,1,0,1,0.99,1,0,0.9366404628698761,0.8080692734587938,0.987839333699262,1,0,0,0.9997746828307035,0.8732439858900471,0.8657791061722463,0.984624570606125,0.9749320791940025,1,1
83.88928317955998,1,0,1,0,1,0.99,0.9999999999999999,0,0.937539817548799,0.8097038857501312,0.9881140462272395,1,0,0,0.9997842776001555,0.8745934111644611,0.8671015429411719,0.9849519395783153,0.9752529007867491,1,1
84.31511710432932,1,0,1,0,1,0.99,1,0,0.9384264063699659,0.8113245765741186,0.9883825529297168,1,0,0,0.9997934637917738,0.8759284706623554,0.8684099012491083,0.9852723383097921,0.9755668915435961,1,1
84.74095102909867,1,0,1,0,1,0.99,1,0,0.9393004105378869,0.812931464495418,0.9886449939978617,0.9999999999999998,0,0,0.9998022588041895,0.8772493173196051,0.8697043309732129,0.9855859152088029,0.9758741969046267,1,1
85.166784953868,1,0,0.9999999999999999,0,1,0.99,1,0,0.9401620086849716,0.8145246670689134,0.9889015064558885,1,0,0,0.9998106792951394,0.8785561024439529,0.8709849803950737,0.9858928155237325,0.9761749592132578,1,1
85.59261887863734,1,0,1,0,1,0.99,1,0,0.9410113769080379,0.8161043008483122,0.9891522242325994,1,0,0,0.9998187412130188,0.8798489757323422,0.8722519962176954,0.9861931814103813,0.9764693177821737,1,1
86.01845280340669,1,0,1,0,1,0.99,1,0,0.9418486888043042,0.8176704813946718,0.989397278231311,0.9999999999999999,0,0,0.9998264598270845,0.8811280852880662,0.8735055235823048,0.9864871519978109,0.9767574089578548,1,1
86.44428672817602,1,0,1,0,1,0.99,1,0,0.9426741155068691,0.8192233232848519,0.9896367963982015,1,0,0,0.9998338497563786,0.8823935776377317,0.874745706084977,0.9867748634527901,0.9770393661837343,1,1
86.87012065294536,1,0,1,0,1,0.99,1,0,0.9434878257196886,0.8207629401198993,0.9898709037891116,1,0,0,0.9998409249974127,0.8836455977480467,0.875972685793086,0.9870564490428657,0.9773153200620083,1,1
87.2959545777147,1,0,0.9999999999999999,0,1,0.99,1,0,0.9442899857520564,0.8222894445333566,0.9900997226348396,1,0,0,0.9998476989506813,0.8848842890424253,0.8771866032615768,0.9873320391980921,0.9775853984141302,1,0.9999999999999999
87.72178850248405,1,0,0.9999999999999999,0,1,0.99,1,0,0.945080759552595,0.8238029481995025,0.9903233724049593,1,0,0,0.9998541844460389,0.8861097934174172,0.8783875975490688,0.9876017615714472,0.9778497263400182,1,1
88.14762242725338,1,0,1,0,1,0.99,1,0,0.9458603087427641,0.8253035618415223,0.9905419698701958,1,0,0,0.9998603937670023,0.8873222512589638,0.8795758062337845,0.9878657410979599,0.9781084262760008,1,0.9999999999999999
88.57345635202272,1,0,1,0,0.9999999999999999,0.99,1,0,0.946628792649893,0.8267913952396071,0.9907556291633949,1,0,0,0.9998663386740145,0.8885218014584779,0.8807513654293083,0.988124100052581,0.9783616180515294,0.9999999999999999,0.9999999999999999
88.99929027679207,1,0,1,0,1,0.99,1,0,0.9473863683397452,0.8282665572389861,0.9909644618391118,1,0,0,0.9998720304267178,0.8897085814287566,0.8819144098001817,0.9883769581068198,0.9786094189446836,1,1
89.4251242015614,1,0,1,0,1,0.99,1,0,0.9481331906486207,0.8297291557578876,0.9911685769318567,1,0,0,0.9998774798052819,0.8908827271197211,0.8830650725773266,0.9886244323841766,0.978851943736493,1,0.9999999999999999
89.85095812633074,1,0,1,0,0.9999999999999998,0.99,1,0,0.9488694122149994,0.8311792977954358,0.9913680810130221,0.9999999999999999,0,0,0.9998826971308201,0.8920443730339893,0.8842034855733095,0.9888666375143929,0.9790893047641049,1,1
90.27679205110009,1,0,0.9999999999999999,0,1,0.99,1,0,0.949595183510741,0.8326170894394775,0.9915630782465261,1,0,0,0.9998876922849369,0.8931936522422861,0.8853297791974405,0.9891036856865491,0.9793216119728181,1,1
90.70262597586942,1,0,1,0,1,0.99,1,0,0.9503106528718377,0.8340426358743436,0.9917536704431973,1,0,0,0.9998924747284458,0.8943306963986848,0.886444082470711,0.98933568670103,0.9795489729670094,1,1
91.12845990063876,1,0,0.9999999999999998,0,1,0.99,1,0,0.9510159665287313,0.8354560413885437,0.9919399571139323,1,0,0,0.9998970535192855,0.8954556357556895,0.8875465230405758,0.9895627480203835,0.9797714930599757,0.9999999999999999,0.9999999999999999
91.55429382540811,1,0,1,0,1,0.99,0.9999999999999999,0,0.9517112686362015,0.8368574093823958,0.9921220355216511,1,0,0,0.999901437329678,0.8965685991791563,0.8886372271955731,0.9897849748190978,0.9799892753227157,1,0.9999999999999999
91.98012775017745,1,0,1,0,1,0.99,1,0,0.9523967013028275,0.8382468423755904,0.9923000007320797,1,0,0,0.9999056344625517,0.8976697141630547,0.8897163198797935,0.9900024700323178,0.9802024206316716,1,1
92.40596167494678,1,0,1,0,1,0.99,1,0,0.9530724046200334,0.8396244420146912,0.9924739456633855,1,0,0,0.9999096528672693,0.8987591068440725,0.8907839247071911,0.9902153344035247,0.9804110277154542,1,1
92.83179559971612,1,0,1,0,0.9999999999999999,0.99,1,0,0.9537385166907215,0.8409903090805703,0.9926439611346909,1,0,0,0.9999135001546815,0.8998369020160659,0.8918401639757447,0.9904236665311998,0.9806151932005759,0.9999999999999999,0.9999999999999999
93.25762952448547,1,0,1,0,0.9999999999999999,0.99,1,0,0.9543951736574962,0.8423445434957817,0.9928101359134911,0.9999999999999998,0,0,0.9999171836115439,0.900903223144355,0.8928851586814678,0.9906275629144958,0.9808150116562058,1,1
93.6834634492548,1,0,1,0,1,0.99,1,0,0.9550425097304913,0.8436872443318717,0.9929725567620016,1,0,0,0.9999207102143172,0.9019581923798657,0.8939190285322682,0.9908271179979345,0.9810105756379758,1,1
94.10929737402414,1,0,1,0,1,0.99,0.9999999999999999,0,0.9556806572147996,0.8450185098166251,0.9931313084824571,1,0,0,0.9999240866423802,0.9030019305731247,0.8949418919616623,0.9910224242151537,0.9812019757308507,1,1
94.53513129879349,1,0,1,0,1,0.99,1,0,0.9563097465375135,0.8463384373412529,0.9932864739613888,1,0,0,0.999927319290682,0.9040345572881021,0.89595386614234,0.9912135720317226,0.9813893005910881,1,0.9999999999999999
94.96096522356282,1,0,1,0,1,0.99,1,0,0.9569299062743833,0.847647123467516,0.9934381342128996,1,0,0,0.9999304142818524,0.9050561908159079,0.8969550669995898,0.9914006499870444,0.9815726369873033,1,1
95.38679914833216,1,0,1,0,1,0.99,1,0,0.9575412631760954,0.8489446639347906,0.9935863684209638,1,0,0,0.999933377477799,0.9060669481883432,0.8979456092245763,0.9915837447353684,0.981752069840661,1,1
95.81263307310151,1,0,1,0,1,0.99,1,0,0.9581439421941779,0.8502311536670705,0.9937312539807694,1,0,0,0.9999362144908095,0.9070669451913064,0.8989256062874801,0.9917629410859283,0.9819276822642098,1,1
96.23846699787084,1,0,1,0,0.9999999999999999,0.9899999999999999,1,0,0.9587380665065387,0.8515066867799131,0.9938728665391279,1,0,0,0.9999389306941817,0.908056296378056,0.8998951704504948,0.991938322042225,0.9820995556013805,1,1
96.66430092264018,1,0,1,0,0.9999999999999999,0.99,0.9999999999999999,0,0.9593237575426419,0.8527713565873235,0.9940112800339699,1,0,0,0.9999415312323998,0.909035115082335,0.9008544127806882,0.9921099688404744,0.9822677694636649,1,1
97.09013484740952,1,0,1,0,1,0.9899999999999999,1,0,0.9599011350083246,0.8540252556085811,0.9941465667329492,1,0,0,0.9999440210308783,0.910003513431352,0.9018034431627249,0.992277960987235,0.9824324017674905,1,1
97.51596877217887,1,0,1,0,1,0.99,1,0,0.9604703169102646,0.8552684755750092,0.9942787972711757,1,0,0,0.9999464048052908,0.9109616023586264,0.902742370311454,0.9924423762962363,0.9825935287703117,1,0.9999999999999999
97.9418026969482,1,0,1,0,1,0.99,1,0,0.9610314195800976,0.8565011074366842,0.9944080406880936,1,0,0,0.9999486870705021,0.9119094916166965,0.9036713017843626,0.9926032909244217,0.9827512251059332,1,0.9999999999999999
98.36763662171754,1,0,1,0,1,0.99,1,0,0.9615845576981943,0.8577232413690898,0.9945343644635292,0.9999999999999999,0,0,0.999950872149118,0.9128472897896913,0.9045903439938974,0.9927607794072232,0.9829055638190787,1,1
98.79347054648689,1,0,1,0,1,0.99,1,0,0.9621298443170986,0.858934966779715,0.9946578345529218,0.9999999999999999,0,0,0.9999529641796736,0.9137751043057698,0.9054996022196544,0.9929149146930879,0.983056616399226,1,1
99.21930447125622,1,0,1,0,0.9999999999999999,0.99,1,0,0.9626673908846344,0.8601363723145932,0.9947785154217613,1,0,0,0.9999549671244712,0.9146930414494274,0.9063991806204387,0.9930657681772662,0.9832044528137208,1,1
